topic	delta	adjdelta	delta_oos	cmse	pmse	cmse_oos	pmse_oos	totalr2	r2_oos	bydf	fpdf	agemse	label	category	pct
0	0.05266419319560012	0.185229941994021	0.07834461855658828	11.686	209.52119999999996	0.02000003830854194	0.10281672166073733	0.047869435872534866	0.024378501038107882	6.2	24.0	0.53325	war, mostly WWII	event	0.267
1	0.5787121698160146	0.5962884071606456	0.6893569633578439	25.0768	16.0822	0.061596540056145496	0.01750977993125468	0.0170904402946661	0.0039417582714549	4.8	6.0	2.13175	e20c scientists, labs, and professors, mostly in British SF and mystery	genre	0.288
2	0.642250780663076	0.6713771315689813	0.43316886886424877	16.133399999999998	9.594999999999999	0.012026692669760999	0.01196954424161032	0.00693928219898398	-0.00451922991898686	4.8	5.4	2.73375	objects in relation to doors, pockets, rooms, boxes, and bags	physic	0.479
3	0.2380888054609366	0.454468347547268	0.14097431358005202	46.803399999999996	151.2078	0.02948774444233888	0.1985057317754994	0.13653231584009579	0.12252176664105921	5.6	16.0	9.896749999999999	late 20c US political thrillers	genre	0.388
4	0.7834252955775348	0.6610056859100752	0.809441339652951	61.544399999999996	17.3744	0.07816842583564951	0.0208372463000717	0.02812068095425142	0.01107715272017882	8.6	4.8	4.91075	diffuse	uncate	0.666
5	0.712377756333487	0.7173767963514968	0.6258766990742002	63.424	25.029799999999998	0.05284068339998306	0.02916338566819458	0.01803427544809502	-0.004279780043833959	9.2	12.6	4.6892499999999995	ambitious European writers, in translation	genre	0.621
6	0.5941274498053566	0.6623984912555775	0.4954998465352854	112.596	87.7752	0.26106759292688464	0.30559892707258224	0.0506102233338796	0.0157542444086092	5.6	11.8	16.9685	The Western, e20c	genre	0.259
7	0.2527853291376236	0.350065898034902	0.17573237085951932	51.687	150.3616	0.03596200652986177	0.1706357107569602	0.14844754085379983	0.11918076623423499	6.6	10.8	4.1815	E20c adventure fiction	genre	0.658
8	0.7729403853879475	0.7532662057694048	0.6705554247527298	39.891200000000005	9.554	0.018245350227657678	0.01031348121882314	0.012471572811780521	-0.0004147470977804766	9.8	7.6	2.7345	e20c medicine	techno	0.156
9	0.6381219253332235	0.6137484888174913	0.5010519028082213	44.61280000000001	25.7194	0.017680220202259178	0.01787427922575438	0.02823271067362958	0.0186986385284771	5.0	5.2	0.317	life in organizations, mid-20c	institu	0.565
10	0.6501325633124615	0.616605065081186	0.6754156993080092	24.026400000000002	13.525200000000002	0.018172232599105078	0.010045313666669541	0.01416548514512606	0.0020019935997670204	5.0	4.6	10.806249999999999	oral storytelling	uncate	1.064
11	0.5558841740256282	0.5328602063296966	0.4093499454957804	25.372	13.087200000000001	0.019692354877705497	0.03115530363095278	0.01286611010708652	0.00242530017619132	9.2	5.6	4.485	e20c industrial work	techno	0.233
12	0.6196642968883916	0.7430339889089306	0.5269836596653692	110.36780000000002	68.513	0.12119942083546394	0.1102909966073398	0.1104912026444748	0.0947494563805096	6.6	11.6	5.738	physical sensation, mid-20c	physic	0.754
13	0.5123338158825023	0.6110723654586387	0.2891593237229478	94.8536	93.6802	0.06897755215581138	0.21631854557702188	0.1942053852446562	0.17826852534057	5.6	10.4	5.256499999999999	good society at the end of the 19c	institu	0.57
14	0.8490257446013304	0.9212261947602863	0.8772744358903342	74.35459999999999	15.224800000000002	0.0615777831935446	0.00960479461089456	0.022988716199152603	0.010123365966666199	4.0	8.6	3.2395	food and cooking	physic	0.421
15	0.8520250838833524	0.8420623899397492	0.9445836083431913	33.4752	5.855199999999999	0.03983409964254988	0.00259554369963098	0.012001487376278541	0.0054804814795924	4.0	3.8	8.519499999999999	French language	dialec	0.107
16	0.15583222603119504	0.1248821838676681	2.203126449183784e-07	4.3740000000000006	25.870600000000003	1e-08	0.04811429180811484	0.02330501254723494	0.012772913039035081	5.8	4.4	0.17275000000000001	dialectical representation of African-American life	dialec	0.227
17	0.8627233302514481	0.7508568678987932	0.8165748154654322	82.363	13.243799999999998	0.10745638300571266	0.029212141495133258	0.0293274505863113	0.014299868594590398	10.4	5.2	2.9597500000000005	first person	uncate	0.91
18	0.12728972842532205	0.18102402696223446	0.11121975482796383	14.6988	122.61300000000001	0.01192161915695588	0.1328938872953947	0.06826187598359375	0.04663143415502348	5.2	9.2	0.6265	fantasy, late 20c	genre	0.221
19	0.42551831320069305	0.6108056103604153	0.695253940256305	64.913	90.5732	0.11820900225826925	0.051468230087132784	0.10730528385879459	0.09374800165413628	5.4	13.6	33.47725	mid-20c interiors	physic	0.54
20	0.5569749368976298	0.5599861792543506	0.7111146118657794	44.6352	36.020399999999995	0.03596922871666222	0.014164054253141822	0.04360571094186226	0.030809985721246397	5.6	5.8	3.01375	subjective thought and feeling	uncate	1.128
21	0.5483035710067337	0.5227259464272892	0.5378564887839562	40.8806	31.739600000000003	0.03027699152802804	0.024471587944174058	0.04181397890587196	0.025561251406968598	7.4	7.6	0.1878945	present tense	uncate	0.532
22	0.22387688359251742	0.19154339780752352	0.33078274096344573	11.0432	36.64	0.021077385462590997	0.04372355691346804	0.0480685036381993	0.03735800769406825	5.4	5.8	0.80425	e20c rail travel	techno	0.33
23	0.9368697478171061	0.8747048941752686	0.7526934158491596	37.1146	2.339	0.01710703427705048	0.0048459132802473395	0.01827106774458164	0.005998228064310459	7.2	3.2	1.08425	horse-drawn modes of transportation	techno	0.301
24	0.3006196666851214	0.3699700626110932	0.2902664273693412	17.1328	41.5344	0.00848378766372662	0.02054474974229634	0.02199989095082828	0.008712335466034742	4.6	6.8	19.683249999999997	houses at night, sleep, darkness	physic	0.635
25	0.4885217228148079	0.411587916323848	0.42418077744719057	17.297400000000003	18.2912	0.014016797119235641	0.01781332828007004	0.01091517416082018	0.00255540869736656	5.4	4.2	8.732249999999999	first-person plural	uncate	0.704
26	0.4148776605166603	0.5208262182920363	0.046931845749892696	12.3812	17.5952	0.0018749714744167	0.03544157450411446	0.027416936151584904	0.014324133071658899	5.0	8.4	4.28125	works older than 1880	dialec	0.55
27	0.41840118470598764	0.5629444892454359	0.31790058451157116	40.1774	54.665200000000006	0.050933075393357216	0.11540809306306879	0.05806115893882015	0.0418259968475288	8.4	16.8	6.29775	ambitious late 20c works in translation, often short stories	genre	0.503
28	0.6020411041763942	0.48384983074428867	0.47860495714164397	63.374999999999986	43.812599999999996	0.02878171507047824	0.03123481311751184	0.05000972599597385	0.03318322107207846	11.0	8.8	0.18	first person/ dialogue	uncate	0.488
29	0.6395336934812108	0.629284750343037	0.6252395448260024	15.208999999999998	8.5946	0.00840408611707124	0.00505169033433214	0.015568712362152501	0.0045589096421037	4.8	5.0	17.75275	British rural local colour, e20c	nation	0.256
30	0.6037261375664912	0.6091760438635007	0.400014845769046	5.936	4.194599999999999	0.0003200575590113	0.00016357116806143998	0.00478095943107088	-0.011033412672353702	4.0	4.4	0.15225000000000002	China and Japan	nation	0.158
31	0.802121832108285	0.8676649684859419	0.7421524063674704	43.2944	10.9494	0.026163184087661877	0.009099481914380921	0.010923737922473638	-0.0002411750499397945	4.0	6.4	9.593	children and families	institu	0.486
32	0.7883110730984995	0.7809940945650011	0.8084323440291842	46.0428	12.2548	0.03352040416163784	0.007846390341139181	0.017153074514037622	0.0062327694922911	5.0	5.2	4.0809999999999995	rural American dialect / stories of rural life	dialec	0.218
33	0.5930950421658784	0.7220991421897269	0.35432660445212144	51.375800000000005	34.0416	0.013680628512031801	0.03417864009033254	0.04638097766843406	0.008200267054831501	4.6	10.6	0.41050000000000003	e20c humorists	genre	0.237
34	0.6778657170680422	0.46114831330097317	0.747012589028154	152.45759999999999	57.63099999999999	0.18942106756784044	0.04355345238355862	0.1245318288352502	0.09145150520688285	9.8	3.4	4.17075	late 19c romantic historical fiction	genre	0.858
35	0.11925491694139516	0.1975840940552378	0.043757164059925885	36.431200000000004	271.76239999999996	0.019307514797015025	0.42137294282331295	0.244422486201739	0.2260599281010546	7.8	14.8	8.0825	late 20c  crime fiction	genre	0.461
36	0.46551743545499624	0.4287268070207618	0.2864925923701596	10.294599999999999	10.821000000000002	0.00625353565283066	0.01909414786216218	0.01782047843971058	0.00826397215680686	6.4	5.4	0.12440925	late 20c hospitals	techno	0.255
37	0.789756776131904	0.674630703017311	0.8199314205225245	15.9856	4.6899999999999995	0.01774582417132318	0.007320510468193121	0.0061040899807352	-0.0017681607042270599	8.4	4.6	2.7670000000000003	art and artists	institu	0.159
38	0.8987713430987645	0.8549279796273449	0.952819615926358	162.27640000000002	18.711800000000004	0.2613813759978954	0.014548413828739582	0.1182144386621898	0.08370976531837906	11.0	8.6	2.45	late 19c home life	institu	0.763
39	0.7729914973050913	0.71244001082386	0.6618975666814169	63.8312	14.070999999999998	0.01877076421363108	0.00749832820795754	0.04108071632037818	0.02259749812809766	10.0	5.0	38.50375	landscape description	physic	0.657
40	0.40592182844589075	0.4149081404456069	0.1881471892122058	38.8012	49.11039999999999	0.03172508817507372	0.16997804810130696	0.0751845654469268	0.05222965037827263	9.4	11.4	0.6965	e20c philosophical/ social reflection	institu	0.858
41	0.5481849024079772	0.5490817303941105	0.5862852697618182	27.4206	23.422	0.012280172768140758	0.009219395098248682	0.01719561379969376	0.00413892654867336	5.6	6.8	71.16775	sagas and romances	dialec	0.31
42	0.5934496908084794	0.6017624598645666	0.5286210892422788	31.882800000000003	19.0554	0.00947723341891642	0.008978884925568881	0.013639319578839479	-0.0036923344051095998	8.8	8.4	16.766750000000002	people in groups	uncate	1.023
43	0.6430371356068563	0.5447632978813157	0.26358968820208944	172.73319999999998	55.57340000000001	0.15403571282605028	0.2867408421246109	0.09423162619110585	0.04107505546075644	20.4	10.8	4.2452499999999995	late 20c SF	genre	0.375
44	0.27896504168218106	0.21505405573114217	0.4476347491643223	16.0738	35.022	0.041293898427209416	0.02548519609436336	0.015712649057844003	0.0058910525834853	7.8	5.6	2.6162500000000004	1001 Nights	author	0.395
45	0.5336843021997322	0.45740167796180786	0.4194263013984692	19.077199999999998	15.2548	0.012961208021977883	0.01672643867588862	0.00752712524791648	0.0007542216254916991	8.6	6.6	2.3435	PG Wodehouse	author	0.134
46	0.09218857920944643	0.24097074511180638	0.05617807381040496	15.962200000000001	160.68959999999998	0.021875772384045738	0.354566462531422	0.16066730328676018	0.1397522451400068	5.2	18.0	1.0822500000000002	late-19c  sentiment, including especially love and mourning	institu	0.817
47	0.3664407087028918	0.29821395736510276	0.2814479418685546	14.653200000000002	24.9004	0.0097319254290689	0.02487614015546254	0.023872100379779597	0.01404188934780952	5.2	3.8	0.313	e20c manners	institu	0.267
48	0.7935090227981582	0.6318152056025088	0.5796827385507328	94.6464	23.598399999999998	0.06392079969396877	0.03754531503713963	0.07428313050486508	0.057716541816051736	14.4	6.0	16.4665	bars and drinking	institu	0.37
49	0.3357547010951822	0.48834754737648217	0.3495665628356026	15.1024	32.919200000000004	0.01145274524988878	0.0192725709677139	0.0093541240790531	-0.0028164032481464004	4.4	8.8	4.0215	biblical language	dialec	0.36
50	0.38868175399697746	0.614510188213184	0.3341961794468774	118.19380000000001	186.68099999999998	0.13340498765023756	0.1728216521312838	0.164591451654342	0.1456074239773562	8.2	19.2	7.491250000000001	mid 20c crime fiction	genre	0.703
51	0.3942157789697604	0.5710003698740522	0.4807438304838034	68.85940000000001	84.7834	0.08834116413384371	0.15330717452948509	0.0778902675243586	0.056827602869880756	9.6	16.8	30.0205	personal interaction	institu	0.483
52	0.8836683090004616	0.8309450885148395	0.5096959142276543	45.8502	6.376	0.01320102503914554	0.01721339723713636	0.01943347015722248	-0.0011410241759901598	6.2	4.2	0.19100000000000003	very general topic	uncate	1.297
53	0.5617354843816542	0.509228428588334	0.54252962067983	98.68039999999999	77.87039999999999	0.06182988938333556	0.0510452468106166	0.0763770579722482	0.05564439231970936	5.6	4.6	3.557	early and mid 20c popular stories of marriage and family	genre	0.398
54	0.3731982237457554	0.4157415014682838	0.33145715276039667	25.424799999999998	43.3968	0.029954860823451095	0.08650809233075815	0.035729543209355494	0.02376252768376644	7.4	8.4	2.4605705	e20c young women	institu	0.24
55	0.8081209118373023	0.7683917645854906	0.8268819476748674	124.19500000000001	24.2666	0.23986447856892043	0.03249883750745278	0.12881592314806217	0.0947016449333079	9.0	8.2	8.29775	late 19c  moral obligation	uncate	0.802
56	0.4636421774298122	0.4313605776414834	0.44778946121224383	14.5678	17.337799999999998	0.0077094493231598	0.013529894656235438	0.008476566538069939	-0.00068900106298146	6.8	5.6	0.39025	contractions	accide	0.128
57	0.6441789158987835	0.6591473031814552	0.8559834317782187	57.261799999999994	30.656399999999998	0.11716568576248565	0.017576272584834924	0.04324056350911391	0.031502931458571796	4.0	4.6	2.67975	giant topic	uncate	1.636
58	0.5432051918046561	0.5076614122149188	0.38108747354067424	33.7766	28.681	0.012362657054238821	0.020255416625891677	0.01895178840793216	0.0053159154542393	5.0	4.6	3.43375	modernists and experimental writers	uncate	1.144
59	0.37902366773649404	0.3632460597141502	0.42995625784154584	25.5784	44.260400000000004	0.040539096819980115	0.10173551164890218	0.05108575011794756	0.030931338786644624	7.4	7.2	34.37375	adverbs and qualifiers	uncate	1.021
60	0.6153103696308204	0.5697958446284804	0.499326750020148	13.975400000000002	8.0686	0.0122733129502253	0.01409982451917476	0.0035454739353513996	-0.00506347148703376	4.8	3.8	0.55925	British city life, mostly London, e20c	nation	0.4
61	0.3897352990370722	0.3856962606165386	0.2675752922644234	32.6318	49.8552	0.012074213154571401	0.030628210356580542	0.026904050422397456	0.012810823700664262	6.6	6.4	0.43136825	mid-20c books for children	genre	0.647
62	0.7041997519984784	0.6687572343439991	0.3980045880956278	28.912599999999998	12.1154	0.015438970335594798	0.020961279680389622	0.03397031368924152	0.023822575085225298	4.4	3.8	0.178	late-19c family life, largely Trollope	author	0.463
63	0.2693516414994693	0.395927326864722	0.0235101405299497	10.7786	29.973599999999998	0.0006210953936467199	0.023230405446311102	0.012019898530010958	-0.003757849184648699	4.8	9.6	0.3005	revolutionary and communist movements	event	0.348
64	0.2846767041429924	0.4509311622575976	0.32421563694845934	42.388600000000004	108.73219999999999	0.05558454099336776	0.11595643457098122	0.04189862378411792	0.02757477125124888	5.0	13.6	5.970000000000001	informal diction	uncate	1.537
65	0.670097299469886	0.6993716172596383	0.8462754303811201	104.91300000000001	51.48780000000001	0.1541164147794252	0.027093448937569257	0.1322271655016286	0.11632527835325619	6.2	7.6	0.07525	dialogue?	uncate	1.09
66	0.8529844749984512	0.7517087210993688	0.667414132413949	77.883	13.696200000000001	0.12210950743412104	0.0539220237070155	0.0209891469759532	-0.0014693719889382196	10.4	6.0	6.11225	money and finance	institu	0.45
67	0.3906207094268342	0.5335872997162117	0.41800347461700743	48.5206	69.5716	0.0935759700620301	0.1381222961818015	0.06481773415258094	0.0438545371299605	7.2	14.8	8.42275	e20c love and romance	institu	0.624
68	0.7238478245804231	0.6671564644021443	0.6478308367210219	3.4416	1.5528	0.00299971088674584	0.0019283339737898	0.00134089533949682	-0.00305670453311538	5.0	3.6	0.5077499999999999	Jules Verne  and OCR errors	author	0.036
69	0.6932001734928444	0.6625028490751019	0.611485331927669	22.4698	8.814600000000002	0.00548770331645998	0.00326875732608098	0.00643312089161162	-0.00520001381379988	4.4	3.8	1.531	prison	institu	0.111
70	0.5487530409234412	0.6106583247795339	0.5874434278503491	73.6266	55.9138	0.1013386750031318	0.06757156298870608	0.1461112782968766	0.12145480729585718	4.4	6.2	0.10744175	matter-of-fact journalistic language in adventure and crime narrative c 1900	uncate	1.127
71	0.8249101467596652	0.8796822587304008	0.5934293185017616	55.2328	11.7852	0.02807564938579842	0.02228032975162946	0.02895156730886192	0.017351269284822897	5.6	6.0	6.42225	sentimental e20c stories about children	genre	0.332
72	0.38163343816716555	0.5071240350608885	0.2441289060673974	19.5236	32.756	0.00866612977961078	0.0301602140515485	0.022916144503247037	0.007604210573627979	4.2	8.2	31.4925	e20c stories of psychological or occult drama, often with women as protagonists	uncate	1.227
73	0.4289008929798337	0.33647809227707304	0.21952483388692373	19.0874	22.7104	0.00582962142046102	0.02367473250225224	0.01783033941633756	0.0025830082038525203	8.8	6.4	3.2095000000000002	(mostly Protestant) religion	institu	0.222
74	0.46338704569763356	0.44628702901685396	0.444638761460544	19.1886	23.651600000000002	0.013482470408241317	0.019135760537713258	0.01355146195428012	-6.592868400722286e-05	5.2	5.2	0.12721675000000002	diffuse	uncate	0.953
75	0.7414447305213802	0.7842627402006046	0.8271545739662434	36.623200000000004	15.728200000000001	0.03893549471040546	0.02357486571029948	0.0229770291112391	0.0044593252400504805	4.8	7.6	10.0735	passage of time	physic	0.764
76	0.7533801131605566	0.7136612778511578	0.8569977250875753	63.4476	21.767200000000003	0.066093021434455	0.012149818378460539	0.045105669159058684	0.031948307348041396	5.0	4.0	0.81775	largely mid-20c American novels about rural life?	uncate	0.81
77	0.3626058421778482	0.3959196203552088	0.3561654162824174	11.626399999999999	20.238400000000002	0.006874613348633039	0.01103702474792194	0.0047698270525965	-0.00111503985401082	4.0	4.8	0.285	(mostly Catholic) religion, esp in the past	institu	0.117
78	0.8780740454458424	0.842877357796131	0.8911972706125804	374.558	51.8338	0.5228259957648956	0.06795921808182315	0.1868610466449358	0.1461702922135496	11.0	10.2	4.57075	late 19c love stories	genre	0.764
79	0.6771599622922176	0.7572432118090776	0.48280010475139157	27.100599999999996	13.229399999999998	0.01168547805505318	0.01338075119595548	0.015080108418039298	0.0035202401618687805	4.0	6.4	0.42475	cosmopolitan society	institu	0.418
80	0.7031349970228861	0.47625987863162944	0.4757835508659186	142.3698	40.3096	0.053471292112050664	0.03964073759166266	0.0409140852717669	0.00745881566270766	24.8	7.8	1.0405	mid-20c nostalgia for an earlier England	genre	0.504
81	0.4585730702155103	0.413556742718442	0.40000401640068406	4.8782000000000005	2.0116	0.000493435982851	0.0004504765789069999	0.0032115747517777403	-0.00319251185805884	6.2	3.4	11.223500000000001	Spanish America and the Spanish Southwest	nation	0.125
82	0.6637677356174818	0.6162219153513425	0.6462919513331565	16.8816	8.7698	0.024320689790427417	0.014328020967133781	0.0034708362054575803	-0.00310057806374262	6.2	5.0	0.230219	The Middle East	nation	0.128
83	0.7974802808481539	0.7334962985099016	0.7068281767785658	100.70360000000001	24.562199999999997	0.10463634118448488	0.039682325926248464	0.1109583317004788	0.09522860892815652	5.4	3.6	0.9987499999999999	early 20c popular fiction. mostly British	genre	0.788
84	0.4638560669031803	0.444593024150984	0.5506438183234905	46.760200000000005	49.599599999999995	0.05537604621584939	0.038436869715859225	0.036753329751476285	0.0196668616795633	7.2	6.6	2.1625	America and American history	nation	0.246
85	0.8387267533784397	0.6371592911144118	0.6238960604097589	82.8412	12.7044	0.027199606674755922	0.020083530196707285	0.023842483137966382	0.00043460719332844	19.6	4.6	6.212	Native American history and belief	nation	0.311
86	0.5552811725317832	0.5651663441669855	0.4788792408012445	42.166399999999996	34.080200000000005	0.01790929528053986	0.02285614115762008	0.01807123986292484	0.0022732424194259	6.2	7.2	0.61975	warfare, probably centered on WWI	event	0.212
87	0.9542040697337297	0.9296675565486735	0.8506061185709463	408.0858	16.3888	0.20181836288377242	0.029537307518183942	0.1955565036848108	0.11724491449050398	10.4	5.4	7.127	late 19c abstract diction	uncate	0.93
88	0.37868323608173415	0.37404592476241233	0.13883511173113622	32.2644	54.082800000000006	0.01962487639395338	0.11567268763214851	0.056661227412690994	0.04080078425988386	4.6	4.8	1.26275	mid-to-late 20c detective fiction	genre	0.562
89	0.6121086226884851	0.6817647721326614	0.5486719615555267	139.913	64.6264	0.1637999734313255	0.08716516391918513	0.1355219825089632	0.09189083428844737	14.8	14.4	7.6465	crime fiction and 'gritty urban realism.' late 20c	genre	0.346
90	0.6076710232985733	0.6982463981279003	0.6919505617986033	27.845800000000004	21.5786	0.0586396153142804	0.041562982334217444	0.02529737753876804	0.01037302922048982	4.6	7.0	2.342	verbs of subjectivity prob third person	uncate	1.591
91	0.71875854136821	0.7570743269659416	0.30681042696709715	20.4604	8.316799999999999	0.00627972601808958	0.014546402447099222	0.01055527724392946	-0.00122843346882724	4.0	5.6	1.0145	gardens and plants	physic	0.392
92	0.7662223249296363	0.8637012608643406	0.752322715290556	33.326	11.6396	0.0253629939661551	0.008640287493171361	0.0116449162547272	0.0028922308674619998	4.0	8.8	0.353	European historical fiction and provincial realism	genre	0.405
93	0.09494946450324868	0.17921783145610298	0.09635419251014418	5.3031999999999995	50.5068	0.006774308959629662	0.05253395663556694	0.018439224192646222	0.00932444498497908	4.2	8.8	8.067499999999999	British peerage and gentry	institu	0.157
94	0.5833119517621977	0.5529558642529906	0.6510682355676194	19.5864	12.834399999999999	0.0454718785048633	0.01939427666412092	0.006839741012443801	0.0008949043581958799	4.8	4.6	1.253	German-speaking countries and  dialectical  representation of German immigrants	nation	0.065
95	0.42170218761797085	0.3244604367731434	0.37393885114696357	16.1798	21.015	0.006257920886675319	0.0109306833777111	0.007122093842303339	-0.0020758492306864372	6.4	4.0	0.1837999	Catholic religion	institu	0.162
96	0.2267461906274184	0.18335454016104377	0.04864993110187559	2.6767999999999996	7.3962	0.0009790140748529	0.006915912167907559	0.00428446281031418	-0.00196822562915812	4.8	3.8	0.82125	British dialects	dialec	0.111
97	0.2122326471201732	0.40902283194402483	0.5409781395156292	48.0398	179.6458	0.14216580295143894	0.11501545212214175	0.1743382191424354	0.1537424942844774	4.2	13.2	2.93425	19c melodrama and sensationalism	genre	0.648
98	0.1969799212822068	0.2989284861965102	0.32973905355909094	12.2364	55.8276	0.02207137068951222	0.054538923828468346	0.0216749830565772	0.00085313258594386	4.6	10.2	0.369	diffuse: 'something / nothing / anything / anybody / somebody.'	uncate	1.128
99	0.5772032094793753	0.5712747299349086	0.61838067973237	31.022399999999998	21.437800000000003	0.02568406434727044	0.01706533983258628	0.015131661787205162	0.0011160129097711401	6.4	5.4	1.54025	feminine protagonist or central character	uncate	1.287
100	0.3700971950217566	0.46917323759311325	0.20822188076727094	33.843	58.044399999999996	0.014859423600317079	0.06281262820933597	0.049788911536551045	0.03937643367903272	5.0	8.0	0.655	Westerns or  American regionalism	nation	0.446
101	0.5829189125852979	0.5960984256183232	0.5267093905000741	51.045	35.9842	0.03932492037417441	0.03744575543969512	0.05799228100456024	0.0398909973788357	7.4	8.0	44.05975	restrained, clinical description by hardboiled detectives and others	physic	0.961
102	0.5173851299353618	0.5025807880191719	0.37477690393213	20.9652	19.7906	0.00641360530128106	0.01057697439646952	0.01091875044814154	0.0033960487854547807	4.2	4.8	0.46275	Tales of US politics	genre	0.273
103	0.7208452036629914	0.592358379069986	0.6089940120631223	79.2244	30.699400000000004	0.0713037339350384	0.04631050418013102	0.02429131206508702	0.00970348216815212	8.0	5.0	5.562999999999999	family	institu	0.598
104	0.8611385768267201	0.8520885481865743	0.7611678884166349	30.463	5.136	0.044206975520293276	0.015801267792109983	0.01013010150611658	0.0007319721343162599	5.0	4.8	0.3655	sea travel (and perhaps also colonialism?)	techno	0.197
105	0.7287714684149387	0.7166048202574687	0.2825408078910414	20.168599999999998	8.0962	0.011038805553489722	0.02151456131452316	0.01021000877537726	-0.00768011045295082	5.0	5.0	1.971	Stories from South Asia	nation	0.274
106	0.2521354970992532	0.3436910281105924	0.23756138374565422	20.1612	54.8798	0.025462686186133943	0.033900488480569355	0.0178538058849816	-0.007096267996317095	4.4	7.2	6.895000000000001	detective fiction	genre	0.487
107	0.29473454301404617	0.39458452807739103	0.1956034921700011	20.0586	49.800599999999996	0.01186390472430368	0.032528781437099516	0.03304405859335178	0.01599730649017772	4.2	7.6	15.006999999999998	hard to label	uncate	1.205
108	0.6517238826487934	0.5376161047611058	0.5198786418809241	52.4696	28.920599999999997	0.035269773510031244	0.03330225607038852	0.03439621835938334	0.015670475034865378	9.8	7.0	0.22974999999999998	love and marriage	institu	0.648
109	0.6920813419815601	0.6816721468393582	0.467556017151455	42.197199999999995	16.3698	0.04765097825810094	0.05349518218272424	0.07233979282819528	0.05677515577049299	7.2	6.0	1.2722045	spiritual and philosophic generalization	uncate	0.873
110	0.3967424193661628	0.4122628850205988	0.4371171304918574	19.9406	30.8042	0.03504768561875752	0.060875019096751935	0.018360895267863216	0.00913881270215448	4.2	5.0	14.681249999999999	war	event	0.29
111	0.38480310110416444	0.423436879920033	0.37720858827447523	21.8756	36.1538	0.036424046289188564	0.07471418460194378	0.01632341990940106	0.0011531676541865102	4.2	5.8	0.50625	writers who are mid-20c women?	uncate	0.959
112	0.8622323439257122	0.8079077731855081	0.570240391839594	10.1134	1.094	0.0032103650289350798	0.0007825589957064199	0.0025974859647958	-0.0025074935068836604	7.2	3.4	3.5797499999999998	proper names?	uncate	0.033
113	0.5759392302731724	0.6023401422603598	0.8387273881761421	71.5878	52.376	0.1749300994274248	0.0327661036215706	0.13688376622129	0.12018602790070258	8.0	8.8	22.91325	late-20c writers with literary aspiration	genre	0.475
114	0.41835487038746344	0.42087839910972213	0.3314976485414203	16.8912	26.923399999999997	0.01835410614387638	0.04182328725301502	0.045445136333443326	0.03258502107687376	4.4	4.6	25.24625	e20c poetic diction	uncate	0.576
115	0.3125708084836988	0.28806024371895556	0.28021959424672727	33.1652	77.5594	0.028404004787194636	0.08434598107709845	0.10597358194903798	0.09031145067461185	7.2	9.0	12.87625	human faces and expressions	physic	0.861
116	0.7219574417558153	0.576132983037375	0.6845172830135319	152.1634	50.2232	0.08564965493724236	0.03883657698529901	0.08362512528529606	0.053274720021304546	14.8	6.6	0.625	American g-droppin' dialects	dialec	0.334
117	0.21482941402474415	0.16403794863927218	0.2083253054621183	15.7126	59.5818	0.015450393302216942	0.041253654587565546	0.0254199218647926	0.010877319007589458	5.8	5.0	2.29675	mid-century British fiction with characters who 'think' a lot?	genre	0.786
118	0.26732704654744144	0.28190386154574965	0.20019708513374246	12.1112	33.3134	0.02478648268149504	0.12490910469254861	0.06464700199583666	0.0543113128810457	5.6	6.4	1.32	verbs of speaking, asking, questions, etc?	uncate	0.486
119	0.7895954852692791	0.7938736930390009	0.7408754110174642	80.1208	23.196199999999997	0.16738169776542414	0.0700721190246375	0.03928120456727284	0.024450295378242	5.0	5.0	16.442999999999998	violence, esp. mob violence	institu	0.567
120	0.5304973869975695	0.5157804714943536	0.3281677818913094	20.180400000000002	17.996	0.018746754232829038	0.04333858045800556	0.01354237584673342	0.00170993077241786	4.8	5.4	3.867	simple diction?	uncate	0.869
121	0.4872574817980448	0.45854155364203325	0.4796511157874995	3.9707999999999997	4.134400000000001	0.00212327783080434	0.00173079464779374	0.0059043234238964	-0.0003482690726120399	4.0	3.6	0.49524999999999997	family	institu	0.313
122	0.462933454506842	0.41749866092781096	0.5514688292508996	23.2548	28.574199999999998	0.020111219682317598	0.018226147609679038	0.02380867312164	0.0162856193872055	7.2	8.2	8.16525	aeronautics	techno	0.23
123	0.4649708926290466	0.5820748226640222	0.3129792611398006	22.918200000000002	26.910000000000004	0.014554712091886659	0.041458167661048456	0.0241083222043273	0.01271441130692924	4.8	8.4	2.05675	genteel comedy	institu	0.332
124	0.193691363264475	0.36270482013910127	0.19219362292383999	28.525599999999997	118.0062	0.08452713590042468	0.3225297839268574	0.1150157913804162	0.0984761551397871	6.0	14.4	15.43325	late-20c spirituality and psychology	uncate	0.594
125	0.6791149538028632	0.7776328763610856	0.791643988009961	52.224599999999995	25.303	0.0653433081043342	0.017495721562085183	0.02536016403632916	0.0129714828074818	4.0	6.8	23.648249999999997	mountains and rough landscapes	physic	0.409
126	0.6788459416929702	0.5328346640023269	0.7234884815879817	96.123	45.2452	0.1448774133468161	0.05549402779909288	0.13508704128842222	0.11950602963622861	10.4	5.6	2.0469999999999997	human bodies and movement	physic	0.903
127	0.27090131712605436	0.3233678353045822	0.258015330949625	68.9942	187.3784	0.07436551520684447	0.2272617764214994	0.235038892099461	0.215715398897013	5.0	7.6	2.22325	human faces and speech	physic	0.802
128	0.6695546398665011	0.7575529811450574	0.6865197321068214	51.337599999999995	25.4066	0.1426217843613836	0.06510925495912362	0.014593466990071418	-0.00435739621490928	4.0	6.8	1.6992500000000001	Jews and Judaism	nation	0.126
129	0.7025739305252251	0.7522265483285326	0.663718152184199	88.0232	37.163799999999995	0.1170129482668516	0.05915982278695777	0.1534527174900974	0.1400596591146368	4.0	6.0	0.0612345	verbs of speech	institu	0.644
130	0.7439031771373554	0.7969290180686622	0.35471239132940463	118.26880000000001	39.517399999999995	0.05658607476363496	0.10887023308661117	0.1345250526500948	0.11060001721320581	5.6	7.2	1.1344999999999998	late-19c realism	genre	0.539
131	0.29135411074839046	0.2365083449886196	0.47770280665399617	97.4322	239.40460000000002	0.2511198434615354	0.24349228930302522	0.367049338036091	0.348472943074333	14.0	9.6	40.837250000000004	late-20c satire and cynical comedy	genre	0.759
132	0.6505720336326538	0.6271867591389804	0.4822708698128018	64.6524	35.9184	0.04017255819791736	0.03686860906667572	0.02175724295184272	-0.0016807222997447125	7.4	7.6	0.6137830000000001	dialogue 	uncate	1.205
133	0.6710696802921807	0.6475139121303334	0.48677145778486414	4.2416	2.0638	0.00195672386424868	0.00206725272542834	0.00426555915319384	-0.0028298656277683603	4.0	3.6	0.43799999999999994	e20c children's literature and primers	genre	0.283
134	0.775381558606157	0.801530114442771	0.816222222315855	20.1516	6.5702	0.01033033345395998	0.0032136070606544574	0.00727669048405242	-4.975641714403997e-05	4.8	5.2	0.03305975	boats and nautical matters	techno	0.42
135	0.6987459643689291	0.7901209555432503	0.391632950059793	125.55160000000001	54.7266	0.07261619760542673	0.11248003459362979	0.051932835319393265	0.035747454935862996	4.0	7.2	2.0655	clothing, fabric, and dress	physic	0.61
136	0.8290370795539731	0.8149000009721845	0.7367402226039556	105.4816	17.729200000000002	0.09082363267763922	0.03336473992730334	0.09517642601844299	0.07555700876889934	7.4	5.2	0.29100000000000004	late-19c  countryside	physic	0.534
137	0.6006646457639094	0.5910000037743307	0.840883218042445	20.915799999999997	14.881	0.042523373529801775	0.010422890036065441	0.012415025188748818	0.00457901157647936	5.4	5.2	4.2355	schools and  teaching	institu	0.302
138	0.6263321083046602	0.4843146592179542	0.5368677884190226	13.1768	7.6696	0.026908864407703542	0.020837796168103738	0.00434683328217296	-0.0036140482986904005	7.0	3.4	4.5565	seaside description	physic	0.296
139	0.8125017569224211	0.8848878550761405	0.4977232653037416	143.15959999999998	31.693	0.07495436388623676	0.07517376137576881	0.11671292504107371	0.0869341291249758	8.0	17.2	0.768	late 20c stories about struggling children	genre	0.396
140	0.7485221145110418	0.7046363313724949	0.5289927026617728	54.4988	14.128799999999998	0.03649991550754146	0.03456528056526988	0.04513860623449576	0.02279352174468924	9.8	6.2	1.249	difficult to characterize, although these appear to be e20c writers	uncate	0.746
141	0.8909429973176932	0.729247991206472	0.8073011506138732	113.79899999999998	12.0884	0.131831459698498	0.02636858957548696	0.1272314827415822	0.11150070267326259	14.4	4.2	0.138161	late 20c cities	physic	0.5
142	0.8332879160739054	0.8685995710214754	0.6295682126843267	167.977	34.0166	0.19383852582707234	0.10979617164336983	0.2228099916792588	0.2083931058333394	7.8	8.6	11.579999999999998	description of  late 20c bodies	physic	0.644
143	0.6334799632836685	0.642249645255628	0.7390594799168834	55.2544	32.110400000000006	0.04385357175191746	0.01545513056828684	0.04795707905256767	0.03489885447515745	5.0	6.6	39.553250000000006	dialogue	uncate	1.223
144	0.6320615713945975	0.5990345202018992	0.4735581458531154	16.6248	10.7172	0.01967266555617716	0.029506340368541162	0.008356528167817063	-0.00237797643618852	4.8	4.4	2.528	fishing and rivers	physic	0.279
145	0.455779980520796	0.44686914650418963	0.3985338150253107	38.5564	24.904000000000003	0.04144593644682494	0.021033912479519377	0.020355531154749425	0.00358367616898828	9.0	7.8	1.3242500000000001	warfare, probably centered on WWI	event	0.349
146	0.5216033805708036	0.5749209453160274	0.6414109449806331	22.429	24.9274	0.012969341538423601	0.00760159822294088	0.00894887309266182	-0.0022070953685037	4.8	6.2	3.7102500000000003	animal stories	genre	0.333
147	0.7655069739005492	0.7860762493995539	0.693362310534569	75.09	23.2376	0.03609711775833736	0.017073567391215183	0.030785826075566902	0.020182190856248956	6.2	7.2	2.8427499999999997	farming	physic	0.349
148	0.6451798579979516	0.6606947865857711	0.6550722730300363	68.34760000000001	39.25940000000001	0.08597455252229755	0.07948945765263023	0.03247580637423098	0.01592320361031374	7.4	9.6	1.3535	inhuman forces	physic	0.532
149	0.7894266808477883	0.7537952697704069	0.8437274971835732	18.5336	5.1698	0.018264732358390497	0.00330162932574388	0.00512333596966118	-0.0012102392738038	4.0	3.4	0.647	Russia	nation	0.259
150	0.2482711085316614	0.359950664843557	0.27161927929015806	11.216999999999999	34.2308	0.00828097211466966	0.018043985679315238	0.007669221467674679	-0.00258386593260216	4.2	7.2	6.432	books and publishing	institu	0.399
151	0.5476684315635748	0.5114999474842519	0.5625517830309126	56.92099999999999	46.83839999999999	0.15426654472996434	0.11831577881844349	0.0306065458189203	0.0124150964267124	9.0	7.6	6.126250000000001	early 20c metropolis	physic	0.358
152	0.5209633983787529	0.5457869555495738	0.4234354489332742	37.8874	39.6804	0.02942772834381228	0.04569449877009588	0.01857079782006782	0.00419926790739422	6.8	7.2	7.3335	winter weather	physic	0.241
153	0.9359690145134444	0.9131409151203631	0.7856709515075879	23.1538	1.574	0.00831175772788758	0.0014881605683805198	0.00753957094107138	-0.001871260303584	5.0	3.6	9.542250000000001	California and the West Coast	nation	0.11
154	0.5916694130783375	0.6450852704563836	0.5475898912129504	25.4312	18.304399999999998	0.02129157686508034	0.017240445313386442	0.04221825186833654	0.0311312435582154	5.0	6.6	16.913	correspondence	institu	0.48
155	0.014851587742349601	0.03649665814038236	0.029332074484447183	5.162799999999999	338.53560000000004	0.0144961628187085	0.31272082863310036	0.147988167366476	0.13470388673682	6.2	15.6	0.15661450000000002	word segmentation errors	accide	0.145
156	0.8616777932044414	0.7934563970807043	0.8978772111354505	14.835599999999996	2.4744	0.00981200993511332	0.0011804536865114598	0.00538812435995766	-0.0010164786146823332	5.6	3.6	7.2715	hunting in the tropics/colonies	institu	0.229
157	0.20974419756262858	0.48893038746852796	0.10925921179012024	84.2968	319.8342	0.06991454103596728	0.5709108285004516	0.2324616697955308	0.210882645296381	6.8	24.0	5.591	feelings of strangeness or awe connected to soul and spirit	uncate	0.789
158	0.2240657937692952	0.3592326030041232	0.3535814561503898	18.3034	63.974199999999996	0.041769700533822056	0.07450665759744203	0.02144781504933224	0.0109776254409615	4.0	8.6	1.2705	money and work	institu	0.643
159	0.36936179112360756	0.4115402904406766	0.3801452125902676	9.5966	23.0012	0.012019648889833862	0.030104481436006757	0.01310996730953386	0.00422510985782592	4.6	6.6	1.505	probably first-person	uncate	0.428
160	0.7277256841612436	0.7049097935121942	0.60656785676724	27.038400000000003	9.8012	0.01764263294489566	0.01227492967961446	0.01556521774102232	0.0063566357441236804	6.0	4.6	2.7722499999999997	boys / boyhood	institu	0.278
161	0.7888656239196307	0.815327566259573	0.5633041350696564	18.6582	6.7044	0.01131134712520586	0.00838215339881702	0.008762504561288739	-0.00280704293854078	4.4	5.2	10.91075	The legal thriller: courtroom intrigue	genre	0.254
162	0.2993631046386286	0.24865800164828622	0.24978290009434315	11.2452	24.7826	0.01084551257887838	0.0155997107868947	0.00792886251649776	-0.0011873783388284	6.2	4.8	0.10040584999999999	government	institu	0.248
163	0.5426250170630728	0.543404983749963	0.4278108056158404	14.4586	12.4842	0.024244269027970618	0.01697668471366958	0.005189418155430401	-0.0043341891193502	4.2	4.4	0.0785	Ireland	nation	0.153
164	0.11912539268708314	0.19515677817896998	0.14356401593388682	8.6244	63.807399999999994	0.0098449802899296	0.06271925163994828	0.04285186649045695	0.03396286137935112	5.0	8.8	2.36425	automobiles	techno	0.31
165	0.5787018267221352	0.4906812596662678	0.031250242577031975	13.7262	9.6874	0.00077328664313962	0.021920110996339243	0.02523223991721204	0.012322589005708241	6.0	4.2	31.171499999999998	banks and finance	institu	0.308
166	0.14101309597609518	0.12407049331769597	0.2881337146161516	3.2695999999999996	23.0236	0.00574785904928568	0.01281723025878954	0.00503196861042802	4.409566785400381e-05	5.4	6.0	0.9782500000000001	tiny topic, proper nouns	uncate	0.024
167	0.22735092789376296	0.476099249667196	0.6994655975403659	25.976800000000004	91.9244	0.07371670206817045	0.03157095705491296	0.045927003191331583	0.02904856650885962	5.0	16.8	0.04	historical adventure stories	genre	0.368
168	0.47081874989235484	0.5234441299010483	0.315036604457683	16.9256	19.674799999999998	0.00602011389838354	0.01364628270572758	0.019006416913294598	0.010016426062004499	5.0	7.2	0.905	uncles, aunts, cousins	institu	0.172
169	0.7109163908885158	0.6399648589803415	0.5476971915770501	4.598599999999999	1.1514000000000002	0.00114927710725642	0.00025409763702019994	0.00142316058982012	-0.0017389556020663399	7.6	4.6	0.28575	partly other  languages, partly segmentation errors	accide	0.087
170	0.7826495658532449	0.6977750498372626	0.3473510090827148	12.856	3.126	0.00261668897980604	0.0020933864317025	0.00634062566863256	-0.0015008660153375	6.4	3.6	0.14470824999999998	music and theatre	institu	0.319
171	0.7227902495136925	0.7640042366039743	0.6515750177552265	39.8642	10.232400000000002	0.031165960945777803	0.0092203680709765	0.01936231154418542	0.0022462756460901	5.4	6.4	0.42875	race relations, mostly in the US South	nation	0.231
172	0.23249535351910938	0.3608335011750742	0.2685965174391728	18.4988	64.1446	0.01017378278636236	0.02845687633934124	0.02508447947735038	0.00750872595076814	4.8	10.4	9.227249999999998	romance-inflected style	uncate	0.751
173	0.46571883049371676	0.5957597357007706	0.6987058755218614	30.0962	36.126999999999995	0.04640269981046193	0.01969497899679824	0.02165194578703116	0.00836355730499578	4.2	8.0	0.202	death and evil	uncate	0.32
174	0.5049817592805202	0.5261436516382254	0.6868602338717196	8.9078	8.7674	0.0066315976404379	0.00406500673866738	0.00698196142570254	-0.00537117487352354	4.2	4.8	27.486250000000002	stories set in classical antiquity	genre	0.183
175	0.344510616398623	0.5039538368550748	0.49980238490156526	44.2408	85.3588	0.04690000406496368	0.05707329826821903	0.0354441390724864	0.01895812466260296	8.8	16.8	7.997999999999999	historical romance	genre	0.48
176	0.8148459569746004	0.7511889075324525	0.816347305361597	21.625	2.0704	0.014027551988563258	0.0013969776168759802	0.01027665167086508	0.00361415634735412	8.4	3.4	0.22675	ads at the back	accide	0.131
177	0.4841438228215382	0.44701033922802147	0.4489942175510224	30.584600000000002	33.017199999999995	0.02220964288079918	0.0313995429845151	0.01240994951294366	0.00424014896241516	7.0	5.6	0.254	France	nation	0.274
178	0.784140971238292	0.7013934286733846	0.7384431727909536	43.142399999999995	11.062000000000001	0.02943866266642956	0.0097751219502976	0.03180735331871226	0.0134901215998797	8.6	5.4	9.61425	marriage	institu	0.378
179	0.838955353468673	0.7657170185013366	0.6624133679286479	114.3452	21.8318	0.06537088702346296	0.03684355932146168	0.051787369912647804	0.0280967466415193	7.2	4.4	34.43175	qualifiers	uncate	1.212
180	0.9136357146335314	0.8574656032978663	0.8811703589707696	17.3784	1.6585999999999999	0.02438494544145966	0.00345395497125902	0.009265266721068898	-0.0037542650685424795	5.6	3.2	11.99525	trees and forests	physic	0.474
181	0.7140083053344213	0.6884722159471959	0.41917699113803747	49.675200000000004	19.3072	0.028174085864925803	0.04937491916992596	0.04699354223471314	0.029993643790688217	6.2	5.6	0.51325	speech tags used in mid-to-late 20c popular stories	physic	0.68
182	0.5093100093499594	0.49725109960044167	0.7112083594514235	16.3014	15.015600000000001	0.02265580620913498	0.00622132513898806	0.015206954906713099	0.0078916450425516	4.8	4.8	9.6515	deference to nobility	institu	0.211
183	0.5347248799384297	0.5444197774195995	0.5182821793796699	19.924799999999998	16.2534	0.0598536822328013	0.05235876858449762	0.005614374093691919	-0.00636743254518352	6.0	7.0	3.0460000000000003	architecture	physic	0.569
184	0.5140612105571241	0.5375346986244555	0.32103420304117963	24.3358	24.815	0.01272505082204362	0.034204831049603236	0.01474330455456098	0.00595474686817196	5.6	6.6	0.9772500000000001	folk tales and fairy tales	genre	0.304
185	0.6833062649968895	0.5570360322492872	0.7043113315402527	18.5998	6.9084	0.01563648611505138	0.00678180198685506	0.005417613030165599	-0.00244468480216248	6.4	3.4	2.65775	sports stories	genre	0.231
186	0.6240049252006707	0.7256583398114405	0.6448012186261336	19.069	14.484800000000002	0.03594342335451808	0.023128392463338858	0.0063559496173832	-0.0005709481594552907	5.0	8.4	1.5772499999999998	Italy	nation	0.081
187	0.6547421620113516	0.6455244659911514	0.8547254979528498	34.2342	17.854400000000002	0.03643963920215758	0.006442737602603779	0.02067232130704676	-0.0019348067580559597	4.0	4.0	8.8725	guns	physic	0.424
188	0.3290509149435058	0.3530812486774878	0.46079874145039357	18.4794	36.8986	0.032141318326452006	0.0350242972796014	0.014773331327453582	0.0013621433611715201	4.2	5.8	0.9295	family relations	institu	0.407
189	0.834609155027237	0.7938101596708428	0.7829862410021826	36.5044	7.1171999999999995	0.015741752518906037	0.00418323421836328	0.01504314931046182	0.0095449595109055	5.0	3.8	0.10225000000000001	families (specifically in America, but the center of attention is the families)	institu	0.07
190	0.5527895336792925	0.6774545532731169	0.50811492818773	40.55559999999999	32.882799999999996	0.07474804135887332	0.0711591488489544	0.13775896063158802	0.1270557471819516	4.2	9.2	1.7942500000000001	hard to say	uncate	0.894
191	0.385395493914121	0.423362140649677	0.273095890180068	33.495000000000005	53.334	0.01340330995384032	0.035420086167872754	0.0478024541849553	0.029683689959818998	7.2	8.0	13.95675	human faces and expressions of emotion	physic	0.779
192	0.4149619391566678	0.5283285385702529	0.32805960175520704	18.9752	30.031600000000005	0.011080984794058859	0.02551225901695748	0.0176903229556142	0.0047640960923744395	4.6	8.6	12.58925	late-20c British social realism?	genre	0.538
193	0.4963717602551762	0.672774080568341	0.323531602689626	134.281	137.9072	0.10875881298777752	0.23547227511190022	0.2077203721911714	0.18715019901017022	7.2	15.2	0.025000407500000002	early 20c boys and dogs?	uncate	0.631
194	0.32407930991505285	0.4895913360458972	0.31348533956452884	61.328199999999995	127.596	0.05789294667952112	0.1080608306611465	0.06501110794182818	0.03083666206627292	4.2	9.6	2.98175	love stories	genre	0.761
195	0.3124472632666894	0.31740980413392805	0.2332428073940403	15.530600000000002	37.187	0.00784436274760424	0.020243476864442778	0.01291858159132416	0.000422366519863	6.8	8.2	7.603	measurement	physic	0.47
196	0.668378731416289	0.5766428774530445	0.7964908141383091	14.1994	7.187800000000001	0.02350520874849488	0.007334685359468339	0.01660192684935332	0.008682996639592301	6.8	4.6	2.59725	Scots dialect	dialec	0.135
197	0.23523294463008662	0.305976358514302	0.21969533271266978	20.7974	70.42999999999999	0.0161266054253451	0.057167181560738224	0.01603809138477956	0.00679343349495222	4.0	8.0	1.5132500000000002	historical fiction	genre	0.253
198	0.33923982948104037	0.36489096071064264	0.5774295156811707	38.422799999999995	79.25160000000001	0.09495165517999554	0.07766621167551747	0.1300261617723732	0.1203009540877148	4.8	7.6	20.01475	sexuality	physic	0.253
199	0.4469994243391264	0.44822126614058916	0.49472070319555617	7.5112	10.989600000000001	0.008144088415453438	0.008868722455752421	0.00655568862126376	0.00018570701953042	4.4	4.6	1.7974999999999999	many proper names	uncate	0.043
